,Subtype,Progression-Weighted Mean 20AAR,CLow,CHigh
0,Proximal,[2.90029084],[2.61491193],[3.27415852]
1,Distal,[1.80894918],[1.67963122],[1.9370751]
2,Normal,[2.75734054],[2.50111979],[3.01402344]
3,Early Onset,[3.05153054],[2.56858528],[3.46255021]
4,Male,[2.6759143],[2.30068485],[3.07869179]
5,Female,[2.85969588],[2.52757841],[3.17276531]
